{
  "total_epochs": 200,
  "final_loss": 0.19622726509204277,
  "best_loss": 0.19622726509204277,
  "total_parameters": 2137600,
  "num_samples": 100,
  "batch_size": 8,
  "learning_rate": 0.0001,
  "save_every": 10,
  "seed": 42,
  "training_time_minutes": 0.8906544166666667,
  "training_metrics_csv": "results/mi_entrenamiento_200ep/training_metrics.csv",
  "timestamp": "2026-06-25T16:02:19.267389"
}