{
  "epoch": [
    1,
    2,
    3,
    4,
    5,
    6,
    7,
    8,
    9,
    10,
    11,
    12,
    13,
    14,
    15,
    16,
    17,
    18,
    19,
    20,
    21,
    22,
    23,
    24,
    25,
    26,
    27,
    28,
    29,
    30,
    31,
    32,
    33,
    34,
    35,
    36,
    37,
    38,
    39,
    40,
    41,
    42,
    43,
    44,
    45,
    46,
    47,
    48,
    49,
    50,
    51,
    52,
    53,
    54,
    55,
    56,
    57,
    58,
    59,
    60,
    61,
    62,
    63,
    64,
    65,
    66,
    67,
    68,
    69,
    70,
    71,
    72,
    73,
    74,
    75,
    76,
    77,
    78,
    79,
    80,
    81,
    82,
    83,
    84,
    85,
    86,
    87,
    88,
    89,
    90,
    91,
    92,
    93,
    94,
    95,
    96,
    97,
    98,
    99,
    100,
    101,
    102,
    103,
    104,
    105,
    106,
    107,
    108,
    109,
    110,
    111,
    112,
    113,
    114,
    115,
    116,
    117,
    118,
    119,
    120,
    121,
    122,
    123,
    124,
    125,
    126,
    127,
    128,
    129,
    130,
    131,
    132,
    133,
    134,
    135,
    136,
    137,
    138,
    139,
    140,
    141,
    142,
    143,
    144,
    145,
    146,
    147,
    148,
    149,
    150,
    151,
    152,
    153,
    154,
    155,
    156,
    157,
    158,
    159,
    160,
    161,
    162,
    163,
    164,
    165,
    166,
    167,
    168,
    169,
    170,
    171,
    172,
    173,
    174,
    175,
    176,
    177,
    178,
    179,
    180,
    181,
    182,
    183,
    184,
    185,
    186,
    187,
    188,
    189,
    190,
    191,
    192,
    193,
    194,
    195,
    196,
    197,
    198,
    199,
    200
  ],
  "loss": [
    7.791936287513146,
    7.722230691176194,
    7.670301033900334,
    7.614065647125244,
    7.562358672802265,
    7.512259299938496,
    7.465186375838059,
    7.41410387479342,
    7.3686891702505255,
    7.318538188934326,
    7.271561952737661,
    7.223454181964581,
    7.177787854121282,
    7.130371130429781,
    7.080031835115873,
    7.03506194628202,
    6.982966312995324,
    6.931628520672138,
    6.886326789855957,
    6.834791403550368,
    6.7872126285846415,
    6.737145240490253,
    6.686488775106577,
    6.641023305746225,
    6.584262187664326,
    6.535423608926626,
    6.483804152562068,
    6.42948212990394,
    6.375149506788987,
    6.329867839813232,
    6.276118498582107,
    6.224216461181641,
    6.168321462777945,
    6.121203826023982,
    6.065583339104285,
    6.0132622718811035,
    5.961993144108699,
    5.908502578735352,
    5.850280248201811,
    5.7981055699861965,
    5.744439198420598,
    5.689686481769268,
    5.633817379291241,
    5.5755564616276665,
    5.52044336612408,
    5.466491332420936,
    5.414074347569392,
    5.348861620976375,
    5.293263251964863,
    5.2355242142310505,
    5.177451427166279,
    5.1165845944331245,
    5.061849337357741,
    4.999090524820181,
    4.937530077420748,
    4.879130070026104,
    4.815366671635554,
    4.755481866689829,
    4.69590531862699,
    4.631138764894926,
    4.569639242612398,
    4.504596600165734,
    4.43603541300847,
    4.375684444720928,
    4.307083643399752,
    4.2449912291306715,
    4.177363652449388,
    4.111921273745024,
    4.053085437187781,
    3.9835948577293983,
    3.9134355875161977,
    3.8517970121823826,
    3.7786342180692234,
    3.717475047478309,
    3.641663221212534,
    3.5779257187476525,
    3.5040980118971605,
    3.438818858220027,
    3.3701058351076565,
    3.3050649716303897,
    3.2364547069256124,
    3.1732577177194448,
    3.108141935788668,
    3.034423883144672,
    2.9716256948617787,
    2.9082287274874172,
    2.842687203333928,
    2.7777179204500637,
    2.7154072431417613,
    2.646356931099525,
    2.5895751989804783,
    2.5199206242194543,
    2.461180558571449,
    2.3977926877828746,
    2.3403984950138974,
    2.2749388217926025,
    2.220352191191453,
    2.158541147525494,
    2.0997802844414344,
    2.050887181208684,
    1.9887931530292218,
    1.937024446634146,
    1.8849967167927668,
    1.8325461791111872,
    1.776263484588036,
    1.7291763379023626,
    1.6772957214942346,
    1.6318264741163988,
    1.5806058186751146,
    1.5344550059391902,
    1.4899242566182063,
    1.4415770035523634,
    1.3989506868215709,
    1.3544932053639338,
    1.3177614945631762,
    1.2785422801971436,
    1.241515012887808,
    1.2023741557047918,
    1.1691986322402954,
    1.1358161064294667,
    1.0965277965252216,
    1.0643861018694365,
    1.0336387340839093,
    0.9988576953227704,
    0.975596377482781,
    0.9420415025490981,
    0.9188704536511347,
    0.8879577425810007,
    0.8606647482285132,
    0.8385166159042945,
    0.8109781191899226,
    0.7875846532674936,
    0.761966333939479,
    0.7450818098508395,
    0.7254748711219201,
    0.7022237640160781,
    0.6824971024806683,
    0.6601202029448289,
    0.6449884084554819,
    0.6254600836680486,
    0.609314501285553,
    0.596354970565209,
    0.5744012273274935,
    0.5656407016974229,
    0.5475912002416757,
    0.5342084421561315,
    0.5217936268219581,
    0.5071241786846747,
    0.4964282466815068,
    0.48412811297636765,
    0.4662174697105701,
    0.4594126527126019,
    0.4532577647612645,
    0.43720384056751543,
    0.4313964316478142,
    0.4192413550156813,
    0.4089791660125439,
    0.40371978741425735,
    0.39082932013731736,
    0.3837502965560326,
    0.3782936197060805,
    0.36888341032541716,
    0.358780175447464,
    0.35250505117269665,
    0.3450814210451566,
    0.34022467182232785,
    0.3314385437048398,
    0.3244220774907332,
    0.31931628859960115,
    0.31354204507974476,
    0.30857455271940964,
    0.3026318893982814,
    0.2980831792721382,
    0.2921362565113948,
    0.28571044023220354,
    0.28392515503443205,
    0.2733752498259911,
    0.269782705948903,
    0.2691972989302415,
    0.26023755509119767,
    0.25593702838971066,
    0.2534277691290929,
    0.24952312730825865,
    0.24466204643249512,
    0.2429072650579306,
    0.23928005534868974,
    0.23486594397288102,
    0.23001534319840944,
    0.22683955614383405,
    0.22393292303268725,
    0.21995359086073363,
    0.2175613951224547,
    0.21389804895107561,
    0.20893176587728354,
    0.2073287023947789,
    0.20501304819033697,
    0.20335697898497948,
    0.19674371985288766,
    0.1981088026211812,
    0.19622726509204277
  ],