{
  "total_epochs": 200,
  "final_loss": 7.637876804058369,
  "best_loss": 7.6350836387047405,
  "total_parameters": 2137600,
  "training_time_minutes": 0.89151915,
  "training_metrics_csv": "results/transformer_200ep/training_metrics.csv",
  "timestamp": "2026-06-25T14:28:13.617467"
}