{
  "epoch": [
    1,
    2,
    3,
    4,
    5,
    6,
    7,
    8,
    9,
    10,
    11,
    12,
    13,
    14,
    15,
    16,
    17,
    18,
    19,
    20,
    21,
    22,
    23,
    24,
    25,
    26,
    27,
    28,
    29,
    30,
    31,
    32,
    33,
    34,
    35,
    36,
    37,
    38,
    39,
    40,
    41,
    42,
    43,
    44,
    45,
    46,
    47,
    48,
    49,
    50,
    51,
    52,
    53,
    54,
    55,
    56,
    57,
    58,
    59,
    60,
    61,
    62,
    63,
    64,
    65,
    66,
    67,
    68,
    69,
    70,
    71,
    72,
    73,
    74,
    75,
    76,
    77,
    78,
    79,
    80,
    81,
    82,
    83,
    84,
    85,
    86,
    87,
    88,
    89,
    90,
    91,
    92,
    93,
    94,
    95,
    96,
    97,
    98,
    99,
    100,
    101,
    102,
    103,
    104,
    105,
    106,
    107,
    108,
    109,
    110,
    111,
    112,
    113,
    114,
    115,
    116,
    117,
    118,
    119,
    120,
    121,
    122,
    123,
    124,
    125,
    126,
    127,
    128,
    129,
    130,
    131,
    132,
    133,
    134,
    135,
    136,
    137,
    138,
    139,
    140,
    141,
    142,
    143,
    144,
    145,
    146,
    147,
    148,
    149,
    150,
    151,
    152,
    153,
    154,
    155,
    156,
    157,
    158,
    159,
    160,
    161,
    162,
    163,
    164,
    165,
    166,
    167,
    168,
    169,
    170,
    171,
    172,
    173,
    174,
    175,
    176,
    177,
    178,
    179,
    180,
    181,
    182,
    183,
    184,
    185,
    186,
    187,
    188,
    189,
    190,
    191,
    192,
    193,
    194,
    195,
    196,
    197,
    198,
    199,
    200
  ],
  "loss": [
    7.794440196110652,
    7.7939437719491815,
    7.790920734405518,
    7.791358177478497,
    7.782296144045317,
    7.7876081833472615,
    7.779895195594201,
    7.7761472555307245,
    7.765680056351882,
    7.764543093167818,
    7.755867297832783,
    7.74800733419565,
    7.736453643211951,
    7.708760114816519,
    7.699181116544283,
    7.68504942380465,
    7.6782833979679985,
    7.666536808013916,
    7.657195898202749,
    7.656104748065655,
    7.653800707596999,
    7.648288139930139,
    7.649090143350454,
    7.6436165662912225,
    7.646541265340952,
    7.648763766655555,
    7.645535102257361,
    7.6427384523245,
    7.645704049330491,
    7.644613816187932,
    7.64677854684683,
    7.644655301020696,
    7.6457000879141,
    7.64234839952909,
    7.6440731928898735,
    7.644253033858079,
    7.6443807161771336,
    7.645066701448881,
    7.642944519336407,
    7.641977126781757,
    7.646800664755014,
    7.64284009199876,
    7.643658821399395,
    7.644491048959585,
    7.645193393413837,
    7.642376642960769,
    7.64278089083158,
    7.643198086665227,
    7.643971699934739,
    7.642549294691819,
    7.645716923933763,
    7.641094831319956,
    7.64192273066594,
    7.6401034868680515,
    7.645216831794152,
    7.639152123377873,
    7.644820103278527,
    7.642299211942232,
    7.6397732221163235,
    7.641807446113,
    7.643751804645245,
    7.6435546875,
    7.63900716488178,
    7.6405181884765625,
    7.63968929877648,
    7.639311973865215,
    7.643486426426814,
    7.639799374800462,
    7.641490312723013,
    7.638396960038405,
    7.640637654524583,
    7.642190896547758,
    7.639070620903602,
    7.640652106358455,
    7.64063651745136,
    7.640961316915659,
    7.640148639678955,
    7.638426267183744,
    7.639361968407264,
    7.639432907104492,
    7.64006442290086,
    7.6424970626831055,
    7.640539792867807,
    7.639523066007174,
    7.638477948995737,
    7.639826004321758,
    7.64314787204449,
    7.6411422582773065,
    7.640564515040471,
    7.642466655144324,
    7.640846252441406,
    7.639785656562219,
    7.640506304227388,
    7.642783531775842,
    7.640514373779297,
    7.642661681542029,
    7.6394871931809645,
    7.63905825981727,
    7.639082248394306,
    7.6401855028592625,
    7.641782980698806,
    7.640940299400916,
    7.639811038970947,
    7.6410675048828125,
    7.639687574826754,
    7.6375436049241285,
    7.6424162571246805,
    7.642301632807805,
    7.6389839465801535,
    7.6399766481839695,
    7.640777697929969,
    7.64048957824707,
    7.640850250537579,
    7.639572767110971,
    7.63730525970459,
    7.642802862020639,
    7.6411093565133905,
    7.639522662529578,
    7.640443104964036,
    7.639785326444185,
    7.639418235191932,
    7.641944188338059,
    7.639586888826811,
    7.638804582449106,
    7.640778578244722,
    7.638538910792424,
    7.6387750919048605,
    7.641668979938213,
    7.638659147115854,
    7.640717359689566,
    7.640428836529072,
    7.6415013166574335,
    7.638922874744122,
    7.63770316197322,
    7.638699274796706,
    7.6396116476792555,
    7.636931676131028,
    7.640200064732478,
    7.640817605532133,
    7.637569097372202,
    7.639516353607178,
    7.6399916135347805,
    7.639173581049993,
    7.638776962573711,
    7.64067477446336,
    7.636258382063645,
    7.639137047987718,
    7.6359256230867825,
    7.639576545128455,
    7.635119841648982,
    7.6350836387047405,
    7.637612599592942,
    7.637534434978779,
    7.6380719771751995,
    7.6411207272456245,
    7.637940553518442,
    7.636881975027231,
    7.63981661429772,
    7.639449266286997,
    7.640497207641602,
    7.637123621427095,
    7.639648474179781,
    7.636944807492769,
    7.640374293694129,
    7.638874567472017,
    7.638495188492995,
    7.636712917914758,
    7.638377262995793,
    7.640299980457012,
    7.639258494743934,
    7.638480406541091,
    7.64023204950186,
    7.6390659258915825,
    7.638224491706262,
    7.638023449824407,
    7.637215871077317,
    7.638510227203369,
    7.637510299682617,
    7.637399233304537,
    7.6382294067969685,
    7.638337538792537,
    7.640703017895039,
    7.635851639967698,
    7.638479966383714,
    7.637306800255408,
    7.638306837815505,
    7.6380696296691895,
    7.638906552241399,
    7.638065814971924,
    7.637886414161096,
    7.636744976043701,
    7.636834071232722,
    7.636586409348708,
    7.6358645879305325,
    7.636816685016338,
    7.637662924253023,
    7.63556014574491,
    7.638664502363938,
    7.642409031207745,
    7.637876804058369
  ],