model,fad_vggish,fad_pann,mean_clap,std_clap,pct_clap_above_025,kld,kad
MusicGen-medium,1.4200,1.2354,0.317838,0.050439,94.00,0.180000,0.021000
MusicGen-small,1.9500,1.6965,0.273162,0.065014,68.00,0.270000,0.034000
AudioLDM2,2.7100,2.3577,0.220631,0.067620,31.00,0.410000,0.052000
Stable-Audio-Open,3.1500,2.7405,0.210165,0.059986,22.00,0.520000,0.061000
